title,description,descriptionHTML,summary,installs,minInstalls,realInstalls,score,ratings,reviews,histogram,price,free,currency,sale,saleTime,originalPrice,saleText,offersIAP,inAppProductPrice,developer,developerId,developerEmail,developerWebsite,developerAddress,privacyPolicy,genre,genreId,categories,icon,headerImage,screenshots,video,videoImage,contentRating,contentRatingDescription,adSupported,containsAds,released,lastUpdatedOn,updated,version,comments,appId,url
Allo Bank,"Hi, kini Allo Bank untuk Android hadir!

Aplikasi yang melengkapimu! Sebuah Bank Digital dan dompet digital dengan fitur Pay Later dan Instant Cash.

Pendaftaran yang mudah. Hanya dengan 5 menit untuk mendaftar secara online!

Bebas biaya admin! Tidak ada biaya admin bulanan, minimum setoran awal, minimum saldo serta gratis biaya transfer ke Bank lain menggunakan fitur BI-FAST.

Bunga yang menarik, sesuaikan kebutuhanmu dengan produk tabungan atau deposito digital!

Buka deposito dengan cepat dan mudah. Real time melalui satu genggaman!

Tarik tunai tanpa kartu di ATM Bank Mega! Tarik uang tunai dengan mudah dan cepat untuk semua kebutuhan transaksimu.

Dan dapatkan banyak keuntungan di setiap transaksimu!

Info lebih lanjut
Allo Care 080 4110 4110
WhatsApp 0822 0822 4110","Hi, kini Allo Bank untuk Android hadir!<br><br>Aplikasi yang melengkapimu! Sebuah Bank Digital dan dompet digital dengan fitur Pay Later dan Instant Cash.<br><br>Pendaftaran yang mudah. Hanya dengan 5 menit untuk mendaftar secara online!<br><br>Bebas biaya admin! Tidak ada biaya admin bulanan, minimum setoran awal, minimum saldo serta gratis biaya transfer ke Bank lain menggunakan fitur BI-FAST.<br><br>Bunga yang menarik, sesuaikan kebutuhanmu dengan produk tabungan atau deposito digital!<br><br>Buka deposito dengan cepat dan mudah. Real time melalui satu genggaman!<br><br>Tarik tunai tanpa kartu di ATM Bank Mega! Tarik uang tunai dengan mudah dan cepat untuk semua kebutuhan transaksimu.<br><br>Dan dapatkan banyak keuntungan di setiap transaksimu!<br><br>Info lebih lanjut<br>Allo Care 080 4110 4110<br>WhatsApp 0822 0822 4110","Allo Bank, perbankan digital baru yang akan membantu Anda memenuhi semua kebutuhan Anda.",5.000.000+,5000000,7110858,3.7600107,37358,23081,"[9413, 1445, 1316, 1694, 23485]",0,True,IDR,False,,,,False,,PT. ALLO BANK INDONESIA Tbk,PT.+ALLO+BANK+INDONESIA+Tbk,allocare@allobank.com,https://allobank.com,"ASEAN Tower Building 3rd Floor, Jl K.H Samanhudi No.10 Jakarta 10710, Indonesia",https://www.allobank.com/privacy,Keuangan,FINANCE,"[{'name': 'Keuangan', 'id': 'FINANCE'}]",https://play-lh.googleusercontent.com/0gw4GVJoKuQCDIz8DOXt5fQDEy-RD0BDnQge-BsbnBaBTmXWgqjydABvetmCqTXE1Gm2,https://play-lh.googleusercontent.com/F-eWhDQuAoDNA-bcjqIMMEX_wkNzM6uz7Zn8BNfW3dHY-qojxn0ssVSLIr_W0FCwtzo,"['https://play-lh.googleusercontent.com/YTs-Da8qPOdY0u622GHBDsPjGcQ74CyvHG7ZL8M0IeDiLu0aNhp_tteqxlEUxHn4bOlT', 'https://play-lh.googleusercontent.com/yQjSnJKTkEHLh6_jMHKfexwDdv2T8imyiFciboyRVAWW2fTAChU9fSntPfK-VxoWX0yy', 'https://play-lh.googleusercontent.com/00S3wEk5yB2Hxhu13mDY-IWZcNb-1u3eyAJpalfetQZIptoVQlMmDkgpptBLDGqhvCo', 'https://play-lh.googleusercontent.com/XS-zbkT9AC-cUjiYC8-yH-VDJa8SDKglLbev0bQZUkrMAmZ1L0SSVWOPRWCe4Fusyhg', 'https://play-lh.googleusercontent.com/qoLLs0tYz3XIusLCM8115TQXvWOiEJbqHWjeDhbxqB6x6STY54KhfanxjoHSZUTh5e8', 'https://play-lh.googleusercontent.com/25qyQaqjalzwHFapAR-f0ISnFTnBePwEmhpU9EEr8ExAKaziSjChe6V-ReZWGJ1asdA', 'https://play-lh.googleusercontent.com/sSBK7vg0WOoDZKgLiGoD96dFscd5b9l5on0w4h8fxLG3vx5B_l6tSGj2uL_4s8V6how', 'https://play-lh.googleusercontent.com/lOJEqe48JiqXJZG1opYSys1rC0vvT13mpm8HduBSc5SVeTIJ8NsiAsEVtZx3xeCubA']",https://www.youtube.com/embed/g-IhngxaCn8?ps=play&vq=large&rel=0&autohide=1&showinfo=0,https://play-lh.googleusercontent.com/F-eWhDQuAoDNA-bcjqIMMEX_wkNzM6uz7Zn8BNfW3dHY-qojxn0ssVSLIr_W0FCwtzo,Rating 3+,,False,False,14 Mar 2022,8 Mei 2024,1715223292,1.41.18,[],com.alloapp.yump,https://play.google.com/store/apps/details?id=com.alloapp.yump&hl=id&gl=id
Jago/Jago Syariah bank digital,"Jago/Jago Syariah digital bank adalah aplikasi keuangan digital yang menawarkan solusi praktis untuk bertransaksi & menabung bersama orang terdekat, sesuai caramu & prinsip yang kamu yakini.

Mulai atur keuanganmu dengan lebih praktis & tenang!
PT Bank Jago Tbk berizin dan diawasi oleh Otoritas Jasa Keuangan (OJK) dan Bank Indonesia, serta merupakan peserta penjaminan LPS. Jago Syariah sesuai dengan fatwa DSN MUI & disupervisi oleh Dewan Pengawas Syariah sehingga amanah untuk umat muslim yang ingin mengatur keuangan sesuai ajaran Islam.

- Mudah buka akun baru dalam hitungan menit, tanpa saldo minimal & tanpa repot ke kantor cabang

- Terintegrasi dengan aplikasi finansial seperti Bibit, Gobiz, GoPay & banyak lagi, selesaikan semua aktivitas keuangan tanpa perlu pindah aplikasi

- Atur pengeluaran & nabung sesuai maumu dalam 1 aplikasi

- Lebih ringan tanpa biaya admin bulanan

- Nikmati hingga 150 kuota gratis transfer ke bank lain & top up e-Wallet, 10 kuota gratis tarik tunai di ATM bersama, 3 kartu debit digital & fisik dan gratis top-up e-Wallet GoPay

- Tarik tunai sesuai maumu di ATM mana saja & rasakan praktisnya belanja online dengan Kartu Debit Jago Visa / GPN

- Tak perlu nunggu lama, transfer uang sesuai maumu dengan tarif terjangkau pakai BI-FAST

- Bayar praktis tinggal scan, hanya dengan QRIS Jago

- Bebas deg-degan saat nabung jangka panjang dengan Deposito Jago yang bisa dicairkan kapanpun tanpa penalti. Nikmati bunga tinggi hingga 5% p.a.

- Mudah hubungi Jago 24 jam sehari, 7 hari dalam seminggu di 1500 746 / 021 30000746

- Banyak promo untuk beli pulsa & data, bayar tagihan hingga belanja di merchant favorit

Aplikasinya 1 fungsinya banyak!
Buka akun & lakukan banyak aktivitas dari smartphone. Nabung? Bisa. Top up GoPay, investasi reksa dana di Bibit? Mudah & Gratis! Transfer uang? Aman! Bayar tagihan? Bisa dijadwalkan!

Kamu aman dengan Jago
Data & dana kamu aman. Akses ke akunmu terlindungi dengan sistem keamanan berlapis. Masuk ke aplikasi dilindungi dengan metode biometrik atau PIN & tiap autentikasi transaksi juga selalu pake password.

Aman tarik tunai di ATM & belanja di seluruh dunia
Dengan Kartu Debit Jago VISA, kamu bisa transaksi dengan mudah & aman. Kartu debit terlindungi tanpa CVV & hanya kamu yang punya akses CVV melalui aplikasi. Kami sediakan kartu debit digital & fisik yang transaksinya bisa dipantau secara real time, bisa diatur limitnya & dipesan lewat aplikasi. Ada juga Kartu Debit Jago GPN untuk transaksi offline di seluruh Indonesia & tarik tunai di ATM atau EDC manapun dengan jaringan GPN di Indonesia.

Transfer uang lebih irit dengan BI-FAST
Dengan BI-FAST kirim uang secara real-time, aman, efisien & terjangkau ke bank lain seperti BCA, Mandiri / Livin‚Äô by Mandiri, BNI, BRI / Brimo BRI, Bank Syariah Indonesia BSI, Bank Neo Commerce, Seabank, BRI Agro / Raya - Bank Digital, BTPN Jenius & lainnya.

Teman-teman muslim bisa bayar zakat & sedekah lebih mudah di aplikasi. Bekerja sama dengan lembaga amal terpercaya seperti BAZNAS, Dompet Duafa & Rumah Zakat. Dana kamu dikelola dengan amanah & transparan.

Alhamdulillah, tersedia fitur lengkap untuk atur uang sesuai syariah Islam. Dari nabung, transaksi, sedekah, hingga investasi, semua dilakukan sesuai dengan ajaran islam.

60 Kantong Jago Syariah = 60 Rekening
Pisahkan tabungan & pengeluaran di 60 rekening dalam 1 akun dengan akad Wadiah Yad Dhamanah & akad Mudharabah Muthlaqah sesuai prinsip syariah dalam ajaran Islam.

Pisahkan tabungan & budget untuk tiap kebutuhan dengan 40 Kantong Nabung & Bayar yang menerapkan Akad Wadiah, tanpa bunga.

Tenangnya nabung jangka panjang dengan 20 Kantong Deposito Syariah yang menerapkan Akad Mudharabah. Dapatkan keuntungan nisbah 16,21% dengan bagi hasil setara 5% pertahun, cairkan kapanpun sesuai maumu tanpa khawatir biaya penalti.

Download sekarang!

PT Bank Jago Tbk
Menara BTPN Lt. 46
Jl. Dr. Ide Anak Agung Gde Agung Kav.5.5‚Äì5.6
Jakarta Selatan
E-mail: tanya@jago.com
Customer service: 1500746","Jago/Jago Syariah digital bank adalah aplikasi keuangan digital yang menawarkan solusi praktis untuk bertransaksi &amp; menabung bersama orang terdekat, sesuai caramu &amp; prinsip yang kamu yakini.<br><br>Mulai atur keuanganmu dengan lebih praktis &amp; tenang!<br>PT Bank Jago Tbk berizin dan diawasi oleh Otoritas Jasa Keuangan (OJK) dan Bank Indonesia, serta merupakan peserta penjaminan LPS. Jago Syariah sesuai dengan fatwa DSN MUI &amp; disupervisi oleh Dewan Pengawas Syariah sehingga amanah untuk umat muslim yang ingin mengatur keuangan sesuai ajaran Islam.<br><br>- Mudah buka akun baru dalam hitungan menit, tanpa saldo minimal &amp; tanpa repot ke kantor cabang<br><br>- Terintegrasi dengan aplikasi finansial seperti Bibit, Gobiz, GoPay &amp; banyak lagi, selesaikan semua aktivitas keuangan tanpa perlu pindah aplikasi<br><br>- Atur pengeluaran &amp; nabung sesuai maumu dalam 1 aplikasi<br><br>- Lebih ringan tanpa biaya admin bulanan<br><br>- Nikmati hingga 150 kuota gratis transfer ke bank lain &amp; top up e-Wallet, 10 kuota gratis tarik tunai di ATM bersama, 3 kartu debit digital &amp; fisik dan gratis top-up e-Wallet GoPay<br><br>- Tarik tunai sesuai maumu di ATM mana saja &amp; rasakan praktisnya belanja online dengan Kartu Debit Jago Visa / GPN<br><br>- Tak perlu nunggu lama, transfer uang sesuai maumu dengan tarif terjangkau pakai BI-FAST<br><br>- Bayar praktis tinggal scan, hanya dengan QRIS Jago<br><br>- Bebas deg-degan saat nabung jangka panjang dengan Deposito Jago yang bisa dicairkan kapanpun tanpa penalti. Nikmati bunga tinggi hingga 5% p.a.<br><br>- Mudah hubungi Jago 24 jam sehari, 7 hari dalam seminggu di 1500 746 / 021 30000746<br><br>- Banyak promo untuk beli pulsa &amp; data, bayar tagihan hingga belanja di merchant favorit<br><br>Aplikasinya 1 fungsinya banyak!<br>Buka akun &amp; lakukan banyak aktivitas dari smartphone. Nabung? Bisa. Top up GoPay, investasi reksa dana di Bibit? Mudah &amp; Gratis! Transfer uang? Aman! Bayar tagihan? Bisa dijadwalkan!<br><br>Kamu aman dengan Jago<br>Data &amp; dana kamu aman. Akses ke akunmu terlindungi dengan sistem keamanan berlapis. Masuk ke aplikasi dilindungi dengan metode biometrik atau PIN &amp; tiap autentikasi transaksi juga selalu pake password.<br><br>Aman tarik tunai di ATM &amp; belanja di seluruh dunia<br>Dengan Kartu Debit Jago VISA, kamu bisa transaksi dengan mudah &amp; aman. Kartu debit terlindungi tanpa CVV &amp; hanya kamu yang punya akses CVV melalui aplikasi. Kami sediakan kartu debit digital &amp; fisik yang transaksinya bisa dipantau secara real time, bisa diatur limitnya &amp; dipesan lewat aplikasi. Ada juga Kartu Debit Jago GPN untuk transaksi offline di seluruh Indonesia &amp; tarik tunai di ATM atau EDC manapun dengan jaringan GPN di Indonesia.<br><br>Transfer uang lebih irit dengan BI-FAST<br>Dengan BI-FAST kirim uang secara real-time, aman, efisien &amp; terjangkau ke bank lain seperti BCA, Mandiri / Livin‚Äô by Mandiri, BNI, BRI / Brimo BRI, Bank Syariah Indonesia BSI, Bank Neo Commerce, Seabank, BRI Agro / Raya - Bank Digital, BTPN Jenius &amp; lainnya.<br><br>Teman-teman muslim bisa bayar zakat &amp; sedekah lebih mudah di aplikasi. Bekerja sama dengan lembaga amal terpercaya seperti BAZNAS, Dompet Duafa &amp; Rumah Zakat. Dana kamu dikelola dengan amanah &amp; transparan.<br><br>Alhamdulillah, tersedia fitur lengkap untuk atur uang sesuai syariah Islam. Dari nabung, transaksi, sedekah, hingga investasi, semua dilakukan sesuai dengan ajaran islam.<br><br>60 Kantong Jago Syariah = 60 Rekening<br>Pisahkan tabungan &amp; pengeluaran di 60 rekening dalam 1 akun dengan akad Wadiah Yad Dhamanah &amp; akad Mudharabah Muthlaqah sesuai prinsip syariah dalam ajaran Islam.<br><br>Pisahkan tabungan &amp; budget untuk tiap kebutuhan dengan 40 Kantong Nabung &amp; Bayar yang menerapkan Akad Wadiah, tanpa bunga.<br><br>Tenangnya nabung jangka panjang dengan 20 Kantong Deposito Syariah yang menerapkan Akad Mudharabah. Dapatkan keuntungan nisbah 16,21% dengan bagi hasil setara 5% pertahun, cairkan kapanpun sesuai maumu tanpa khawatir biaya penalti.<br><br>Download sekarang!<br><br>PT Bank Jago Tbk<br>Menara BTPN Lt. 46<br>Jl. Dr. Ide Anak Agung Gde Agung Kav.5.5‚Äì5.6<br>Jakarta Selatan<br>E-mail: tanya@jago.com<br>Customer service: 1500746","mbanking buat nabung, kelola dana, deposito, bayar tagihan & tarik uang di ATM",10.000.000+,10000000,11010980,4.5842295,156749,52347,"[11495, 1908, 2853, 7748, 132739]",0,True,IDR,False,,,,False,,PT Bank Jago Tbk,PT+Bank+Jago+Tbk,tanya@jago.com,https://jago.com/,"Menara BTPN Lt. 46
Jl. Dr. Ide Anak Agung Gde Agung Kav.5.5 ‚Äì 5.6
Jakarta Selatan
(021) 50927460 & (021) 50927490",https://jago.com/privacypolicy,Keuangan,FINANCE,"[{'name': 'Keuangan', 'id': 'FINANCE'}]",https://play-lh.googleusercontent.com/wmfTSxd2os8fMjeRi4UTTpYFul_9KwuukO9tyByl8iwTnqgZoxZsYdehgRMcB5lLgRc,https://play-lh.googleusercontent.com/Ikhcs9s3sW6eKpxhGtQGMua8ZxuWmhHp1oreuuAbLQMwzpE0MwTc9dha_QcaMBQOQ1mi,"['https://play-lh.googleusercontent.com/68chU9_RK1O4_DyCDB8hcRS4ZJ0Jtvme7zeKxF6baJL7zQkolfv_92V1ufRWR-SfTnM', 'https://play-lh.googleusercontent.com/S8yhxBhUefWLRvi_Ytxut9vH7zZPsnw1Wjz5oeerg23pOOoxlvpxw-jYVNTABBKNC8w', 'https://play-lh.googleusercontent.com/23DZafEAZEeubl85oNxwvyqOwqhPSVIJgUASs056fXrrWer9sLvBTuOAUZENO8tPiKcP', 'https://play-lh.googleusercontent.com/lH-kQoD2qLfT494OLtLkwewMVztr3IXv3bTj-39iYJlRr4SFLCRKVKnRtK2qNwWj_g', 'https://play-lh.googleusercontent.com/7LeF9af2SkkoIIERvcwQr2Ct_jk8qez0NhxvEwpZ3a1busJhuV4qPePVrklGYcwvcg', 'https://play-lh.googleusercontent.com/l8UXCnr4PNTIWDu4pmaB0NGmaUi2ZS2jG-B_AT8D610L-6hawJOqmtzVGFrYgJ65rRQ', 'https://play-lh.googleusercontent.com/jYeTIuRIWJD-Z5iN3Vyk4o51ANfRD1VRbJxFydZTLEunTtwIilI7qvFIoujg_QfnBdE', 'https://play-lh.googleusercontent.com/gnTTAQqeZZ5vgvwGk0CCV81CCyTTle2sP8xHjxPv3ygz5Mz_4c_E3GfuPHeDHUXbcLU']",https://www.youtube.com/embed/WvRKHXVHfOg?ps=play&vq=large&rel=0&autohide=1&showinfo=0,https://play-lh.googleusercontent.com/Ikhcs9s3sW6eKpxhGtQGMua8ZxuWmhHp1oreuuAbLQMwzpE0MwTc9dha_QcaMBQOQ1mi,Rating 3+,,False,False,13 Apr 2021,3 Mei 2024,1714799816,8.40.1,[],com.jago.digitalBanking,https://play.google.com/store/apps/details?id=com.jago.digitalBanking&hl=id&gl=id
Amar Bank,"Amar Bank merupakan digital bank yang aman, untung, serta fleksibel. Dengan fitur yang lengkap, memudahkan kamu dalam melakukan segala jenis transaksi keuangan, mulai dari menabung, buka deposito, transfer antar bank, hingga top-up E-Wallet secara praktis.

üîê<b>Tabungan Brankas, Simpan Uang Bebas Was-was</b>
Jangan khawatir dengan modus pembobolan bank digital! Brankas dibekali dengan perlindungan ekstra. Tarik saldo tabungan harus menggunakan password dan video call dengan customer service.

üìà<b>Investasi Aman dan Untung!¬†</b>
Rasakan investasi rendah risiko dan bunga yang menggiurkan dengan Amar Bank Deposito. Rate bunga lebih tinggi dari tabungan Celengan, mencapai 9%. Modal deposito sangat terjangkau, mulai dari Rp100.000 dengan pilihan periode 1-36 bulan.

üí∞<b>Investasi Fleksibel di Celengan dengan Bunga hingga 5,5%, CAIR TIAP HARI!</b>
Capai impian keuangan kamu lebih mudah dengan fitur Celengan. Tabungan digital dengan keuntungan bunga hingga 5.5% per tahun dan fleksibel ditarik kapan saja.

ü§≥<b>Bayar Apapun Makin Mudah dengan QRIS</b>
Lakukan pembayaran di merchant favoritmu semakin efektif dengan QRIS. Kamu hanya cukup menekan fitur QRIS di aplikasi Amar Bank, scan QR Code merchant, masukkan PIN, transaksi selesai! 

üí≥<b>Buka Rekening Online Secara Mudah dan Bebas Admin Bulanan</b>
Kamu dapat buka rekening tabungan online secara mudah dan praktis, cukup siapkan KTP dan isi formulir di dalam aplikasi bank digital Amar Bank. Dalam waktu 5 menit, rekening jadi.

üí∞<b>Beli Pulsa, Token Listrik Bebas Admin dan Gratis Top-Up E-Wallet</b>
Lebih hemat tanpa harus mikirin biaya admin. Beli pulsa lewat Amar Bank bahkan bisa dapet diskon! Beli token listrik dan top-up e-Wallet (OVO, GoPay, ShopeePay, DANA, dan LinkAja) juga gratis!

üí≥<b>Dilengkapi Kartu Debit Berlogo GPN</b>
Amar Bank memiliki Kartu Debit berlogo GPN yang memungkinkan nasabah melakukan tarik tunai di ATM dan transaksi di mesin EDC.

üíµ<b>Ajukan Pinjaman dan Bayar Tagihan Tunaiku Secara Mudah</b>
Ajukan pinjaman dan bayar cicilan Tunaiku bisa lewat aplikasi Amar Bank. Pinjaman hingga Rp20 juta dengan tenor 6-20 bulan. Kamu juga bisa bayar cicilan pinjaman Tunaiku untuk pribadi dan orang lain dengan masukan nomor VA Tunaiku. Bisa bayar langsung secara penuh atau sebagian sesuai keinginanmu.¬†

üîë<b>Bank Digital yang Terdaftar di OJK Indonesia</b>
Amar Bank adalah layanan bank digital Indonesia yang merupakan produk dari PT Bank Amar Indonesia Tbk yang merupakan peserta penjaminan LPS, berizin dan diawasi OJK

ü§≥<b>CARA BUKA REKENING TABUNGAN ONLINE DI BANK DIGITAL AMAR BANK</b>
1. Unduh aplikasi Amar Bank.
2. Siapkan KTP dan isi formulir pembukaan rekeningnya.
3. Tunggu dalam hitungan menit untuk proses verifikasi rekening online Amar Bank.

üìÉ<b>SYARAT BUKA REKENING ONLINE DI AMAR BANK</b>
-Warga Negara Indonesia (WNI).
-Usia minimal 17 tahun.

üîë<b>KEAMANAN DATA PENGGUNA BANK DIGITAL AMAR BANK</b>
Amar Bank mengumpulkan data pengguna sebagai syarat pembukaan rekening online sesuai dengan ketentuan BI dan OJK Kami menjaga keamanan transaksi dengan cara:

1. Otentikasi keamanan rekening dengan password dan PIN
Kamu akan diminta untuk membuat password untuk masuk akun Amar Bank dan juga PIN Transaksi untuk kamu melakukan transaksi secara aman.

2. Notifikasi transaksi berhasil
Kamu akan menerima notifikasi dan bukti transfer melalui email sebagai tanda transaksi berhasil dilakukan.

3. Proses verifikasi pembukaan rekening online yang cepat dan aman
Proses buka rekening online pintar menggunakan bantuan teknologi canggih sehingga verifikasi dilakukan lebih cepat dan aman untuk mencegah penipuan.

‚òéÔ∏è <b>KONTAK AMAR BANK</b>
- Alamat Kantor: Menara Standard Chartered
Lantai 11, Prof. DR. Satrio No.164, Karet Semanggi,  Setiabudi, Jakarta Selatan, 12930
- E-mail: support@amarbank.co.id
- Call Center: (021) 4000-2979
- Website: amarbank.co.id
- Facebook: Amar Bank Official Account
- Instagram: @amarbank_id","Amar Bank merupakan digital bank yang aman, untung, serta fleksibel. Dengan fitur yang lengkap, memudahkan kamu dalam melakukan segala jenis transaksi keuangan, mulai dari menabung, buka deposito, transfer antar bank, hingga top-up E-Wallet secara praktis.<br><br>üîê<b>Tabungan Brankas, Simpan Uang Bebas Was-was</b><br>Jangan khawatir dengan modus pembobolan bank digital! Brankas dibekali dengan perlindungan ekstra. Tarik saldo tabungan harus menggunakan password dan video call dengan customer service.<br><br>üìà<b>Investasi Aman dan Untung!¬†</b><br>Rasakan investasi rendah risiko dan bunga yang menggiurkan dengan Amar Bank Deposito. Rate bunga lebih tinggi dari tabungan Celengan, mencapai 9%. Modal deposito sangat terjangkau, mulai dari Rp100.000 dengan pilihan periode 1-36 bulan.<br><br>üí∞<b>Investasi Fleksibel di Celengan dengan Bunga hingga 5,5%, CAIR TIAP HARI!</b><br>Capai impian keuangan kamu lebih mudah dengan fitur Celengan. Tabungan digital dengan keuntungan bunga hingga 5.5% per tahun dan fleksibel ditarik kapan saja.<br><br>ü§≥<b>Bayar Apapun Makin Mudah dengan QRIS</b><br>Lakukan pembayaran di merchant favoritmu semakin efektif dengan QRIS. Kamu hanya cukup menekan fitur QRIS di aplikasi Amar Bank, scan QR Code merchant, masukkan PIN, transaksi selesai! <br><br>üí≥<b>Buka Rekening Online Secara Mudah dan Bebas Admin Bulanan</b><br>Kamu dapat buka rekening tabungan online secara mudah dan praktis, cukup siapkan KTP dan isi formulir di dalam aplikasi bank digital Amar Bank. Dalam waktu 5 menit, rekening jadi.<br><br>üí∞<b>Beli Pulsa, Token Listrik Bebas Admin dan Gratis Top-Up E-Wallet</b><br>Lebih hemat tanpa harus mikirin biaya admin. Beli pulsa lewat Amar Bank bahkan bisa dapet diskon! Beli token listrik dan top-up e-Wallet (OVO, GoPay, ShopeePay, DANA, dan LinkAja) juga gratis!<br><br>üí≥<b>Dilengkapi Kartu Debit Berlogo GPN</b><br>Amar Bank memiliki Kartu Debit berlogo GPN yang memungkinkan nasabah melakukan tarik tunai di ATM dan transaksi di mesin EDC.<br><br>üíµ<b>Ajukan Pinjaman dan Bayar Tagihan Tunaiku Secara Mudah</b><br>Ajukan pinjaman dan bayar cicilan Tunaiku bisa lewat aplikasi Amar Bank. Pinjaman hingga Rp20 juta dengan tenor 6-20 bulan. Kamu juga bisa bayar cicilan pinjaman Tunaiku untuk pribadi dan orang lain dengan masukan nomor VA Tunaiku. Bisa bayar langsung secara penuh atau sebagian sesuai keinginanmu.¬†<br><br>üîë<b>Bank Digital yang Terdaftar di OJK Indonesia</b><br>Amar Bank adalah layanan bank digital Indonesia yang merupakan produk dari PT Bank Amar Indonesia Tbk yang merupakan peserta penjaminan LPS, berizin dan diawasi OJK<br><br>ü§≥<b>CARA BUKA REKENING TABUNGAN ONLINE DI BANK DIGITAL AMAR BANK</b><br>1. Unduh aplikasi Amar Bank.<br>2. Siapkan KTP dan isi formulir pembukaan rekeningnya.<br>3. Tunggu dalam hitungan menit untuk proses verifikasi rekening online Amar Bank.<br><br>üìÉ<b>SYARAT BUKA REKENING ONLINE DI AMAR BANK</b><br>-Warga Negara Indonesia (WNI).<br>-Usia minimal 17 tahun.<br><br>üîë<b>KEAMANAN DATA PENGGUNA BANK DIGITAL AMAR BANK</b><br>Amar Bank mengumpulkan data pengguna sebagai syarat pembukaan rekening online sesuai dengan ketentuan BI dan OJK Kami menjaga keamanan transaksi dengan cara:<br><br>1. Otentikasi keamanan rekening dengan password dan PIN<br>Kamu akan diminta untuk membuat password untuk masuk akun Amar Bank dan juga PIN Transaksi untuk kamu melakukan transaksi secara aman.<br><br>2. Notifikasi transaksi berhasil<br>Kamu akan menerima notifikasi dan bukti transfer melalui email sebagai tanda transaksi berhasil dilakukan.<br><br>3. Proses verifikasi pembukaan rekening online yang cepat dan aman<br>Proses buka rekening online pintar menggunakan bantuan teknologi canggih sehingga verifikasi dilakukan lebih cepat dan aman untuk mencegah penipuan.<br><br>‚òéÔ∏è <b>KONTAK AMAR BANK</b><br>- Alamat Kantor: Menara Standard Chartered<br>Lantai 11, Prof. DR. Satrio No.164, Karet Semanggi,  Setiabudi, Jakarta Selatan, 12930<br>- E-mail: support@amarbank.co.id<br>- Call Center: (021) 4000-2979<br>- Website: amarbank.co.id<br>- Facebook: Amar Bank Official Account<br>- Instagram: @amarbank_id","Main aman dengan Amar! Dengan fitur Brankas, nabung semakin aman",500.000+,500000,613109,4.6209016,38201,19441,"[1800, 528, 1350, 2993, 31527]",0,True,IDR,False,,,,False,,PT Bank Amar Indonesia Tbk.,7651433249565482955,support@amarbank.co.id,https://amarbank.co.id/,"Menara Standard Chartered
Lantai 11, Jl. Prof. DR. Satrio No.164, RT.4/RW.4, Karet Semanggi, Kecamatan Setiabudi, Kota Jakarta Selatan, Daerah Khusus Ibukota Jakarta 12930",https://support-retail.amarbank.co.id/privacy-policy,Keuangan,FINANCE,"[{'name': 'Keuangan', 'id': 'FINANCE'}]",https://play-lh.googleusercontent.com/NhPSXXWKWkiKVNsAy-LfLuEXuxWfdM-bxE8V1or963b3tOEYGk-43Ft4Pp7PlohX2Jc,https://play-lh.googleusercontent.com/ptVOnjwiI3inx1i0HLVfJLvj-Mo0OwisdjRk6GZPPFcd04GOxKXzAac1LFGxURI0sgg,"['https://play-lh.googleusercontent.com/Z-mN2u4S9EXKJ92qdxoGP4BBcxCZGg_7M2Zj0qVIwxOa-MVJx66vaV2mgml66VJhyw', 'https://play-lh.googleusercontent.com/WhEz6HdrnkVnbXPCqJzfUpUJI5UFv6Dv8N2xwVhLJkETyQTn1pBqM5dB5Abj7W9Ing', 'https://play-lh.googleusercontent.com/oP2F18MnaXiKe8sL1YEOlVvBVuN0m6XsIPEyKTPH2_B6EbhjXMJS4Og2bniaaapE0LKT', 'https://play-lh.googleusercontent.com/2BMOBgQCisCp-22khoUsfdeZH9vM4gxkAHbBD-KOu6__s_9VpP6krkktEDz4ctp7GA', 'https://play-lh.googleusercontent.com/dcAoctLg0qpgqsXzvB9O_S-w2w2Hz2J0ombi7bDHl_9YoW3Isabc4TpThO4DNA990eKR', 'https://play-lh.googleusercontent.com/Bg9lhAp7ygxlCIcebmZ2JL8D2cs8cC83WHfm-ulDq0bSP2OGTkW5KjO4VumbFZ8pf-zh', 'https://play-lh.googleusercontent.com/LhCuRG8NL7_Cojn9Gvx7WCPrBzX3dFmmZQZ0ymDQPMWEHcwqPH0eg7MRHrigVj7izog', 'https://play-lh.googleusercontent.com/vmUI_lL2iRXPBx4TTNDu90dvu8M4Bl8DIRCvPHM1daryR0CTWVJJZbB8JNjAWRLjz2U']",https://www.youtube.com/embed/O3eLRoVdzKg?ps=play&vq=large&rel=0&autohide=1&showinfo=0,https://play-lh.googleusercontent.com/ptVOnjwiI3inx1i0HLVfJLvj-Mo0OwisdjRk6GZPPFcd04GOxKXzAac1LFGxURI0sgg,Rating 3+,,False,False,17 Agu 2020,6 Mei 2024,1715048289,2.54.0,[],com.senyumkubank.rekeningonline,https://play.google.com/store/apps/details?id=com.senyumkubank.rekeningonline&hl=id&gl=id
Aladin : Bank Syariah Digital,"Nikmati berbagai kemudahan membuka banyak rekening, gratis biaya transfer, bisa setor & tarik tunai di Alfamart terdekat, berbagi donasi lebih mudah, dan masih banyak lainnya yang bisa Aladin bantuin lewat satu aplikasi mobile terpercaya.

Mulai dari buat tabungan digital, sampai pembayaran, dan semua seputar keuangan kamu, bisa diurus dengan satu aplikasi. Lebih dari sekadar bank online yang praktis, prinsip syariah Aladin juga bakal bikin hati kamu tenang. 

Lalu, apa lagi yang bisa Aladin bantuin?

<b>Buka Rekening Tabungan Secara Online</b> 
Cara daftarnya? Seperti online banking, semua langsung lewat aplikasi. Kamu tinggal duduk santai saja dan ikuti instruksi yang ada di aplikasi Aladin. Buka rekening gratis, tanpa setoran awal, dan pastinya cepat tanpa ribet.

<b>Wujudkan Impianmu di Ala Impian</b>
Untuk kamu yang punya impian travel, impian nikah, impian punya tabungan hari tua, tabungan haji dan banyak impian lainnya, Aladin siap bantuin. Di Aladin, kamu bisa mulai mewujudkan semuanya dengan tabungan syariah lewat fitur Ala Impian.

<b>Gratis Biaya Transfer Antar Bank Sekalipun</b>
Kirim uang kemana pun lewat Aladin prosesnya cepat dan mudah cukup dalam satu sentuhan di aplikasi mobile. Dan paling penting tanpa adanya biaya transfer antar bank.

<b>Kartu Debit Aladin Untuk Berbagai Transaksi & Tarik Tunai</b>
Kartu debit Aladin tersedia untuk kamu yang suka belanja cashless di toko dan dapat digunakan untuk tarik uang di ATM terdekat yang berlogo Link dan ATM bersama. Request serta atur kartunya juga mudah dan bisa langsung lewat aplikasi mobile.

Sudah siap Aladin bantuin? Segera download aplikasi perbankan syariah Aladin dan daftar sekarang agar hidupmu jadi lebih mudah.","Nikmati berbagai kemudahan membuka banyak rekening, gratis biaya transfer, bisa setor &amp; tarik tunai di Alfamart terdekat, berbagi donasi lebih mudah, dan masih banyak lainnya yang bisa Aladin bantuin lewat satu aplikasi mobile terpercaya.<br><br>Mulai dari buat tabungan digital, sampai pembayaran, dan semua seputar keuangan kamu, bisa diurus dengan satu aplikasi. Lebih dari sekadar bank online yang praktis, prinsip syariah Aladin juga bakal bikin hati kamu tenang. <br><br>Lalu, apa lagi yang bisa Aladin bantuin?<br><br><b>Buka Rekening Tabungan Secara Online</b> <br>Cara daftarnya? Seperti online banking, semua langsung lewat aplikasi. Kamu tinggal duduk santai saja dan ikuti instruksi yang ada di aplikasi Aladin. Buka rekening gratis, tanpa setoran awal, dan pastinya cepat tanpa ribet.<br><br><b>Wujudkan Impianmu di Ala Impian</b><br>Untuk kamu yang punya impian travel, impian nikah, impian punya tabungan hari tua, tabungan haji dan banyak impian lainnya, Aladin siap bantuin. Di Aladin, kamu bisa mulai mewujudkan semuanya dengan tabungan syariah lewat fitur Ala Impian.<br><br><b>Gratis Biaya Transfer Antar Bank Sekalipun</b><br>Kirim uang kemana pun lewat Aladin prosesnya cepat dan mudah cukup dalam satu sentuhan di aplikasi mobile. Dan paling penting tanpa adanya biaya transfer antar bank.<br><br><b>Kartu Debit Aladin Untuk Berbagai Transaksi &amp; Tarik Tunai</b><br>Kartu debit Aladin tersedia untuk kamu yang suka belanja cashless di toko dan dapat digunakan untuk tarik uang di ATM terdekat yang berlogo Link dan ATM bersama. Request serta atur kartunya juga mudah dan bisa langsung lewat aplikasi mobile.<br><br>Sudah siap Aladin bantuin? Segera download aplikasi perbankan syariah Aladin dan daftar sekarang agar hidupmu jadi lebih mudah.",Buka tabungan bank digital syariah lewat aplikasi mobile dengan mudah dan aman.,1.000.000+,1000000,4718495,4.409276,37047,28744,"[4059, 662, 1074, 1506, 29741]",0,True,IDR,False,,,,False,,PT Bank Aladin Syariah Tbk,PT+Bank+Aladin+Syariah+Tbk,accounts.playstore@aladinbank.id,,"PT Bank Aladin Syariah Tbk

Gedung Millennium Centennial Center, Lt 7,
Jl. Jenderal Sudirman Kav. 25.
Jakarta Selatan 12920 Indonesia",https://web.aladinbank.id/syarat-dan-ketentuan,Keuangan,FINANCE,"[{'name': 'Keuangan', 'id': 'FINANCE'}]",https://play-lh.googleusercontent.com/Ia0yAzfZkeEXiN7GA2gq-x_R8wjpO97SgG7ARQWenZ83Ys7erdQiG4gzukWh1yHkmw,https://play-lh.googleusercontent.com/R5WWFudaPapKFIZqid658Z80vQmRVHzY9Te7e4PM8TokfUFpCx0rBWECxiPYxzxRAA,"['https://play-lh.googleusercontent.com/Bb7fEOEv1wntfYycSeigaKThex7JfUrdn9erHry6nTIxTyK4WitlArIBpCVCJyqNZRQ', 'https://play-lh.googleusercontent.com/oJZuU3RZJvn2na2MhND5E2hthKo4mze4NqFRA_UGD_IQLstawB-xa2L0T-AMmNrq7bM', 'https://play-lh.googleusercontent.com/lMW8gvpmMpxaiaBYp3gbA3svVLN9KkFnzUa5HhTuM9eRr5hFRUFASu6ry_JEex834A', 'https://play-lh.googleusercontent.com/YVBoy8NgNGeHPii7paf9mMcr_EvtCq7n29FzPVRqw5k_IXWtZtnjbBrb2JYGSgmSTw', 'https://play-lh.googleusercontent.com/Oqx3clpDrAhcTMCq7MBpXA9TGIyI933VUN-j2b4a3d9Hd5Y6wKlSdV52W8yudUv7aZM', 'https://play-lh.googleusercontent.com/2iKKJFRl1QxiPA7TK1X5HPMzBJj_LjDxwrA-b3GYvub9HO8A2078IPRIRxsD6_PrlDbU', 'https://play-lh.googleusercontent.com/kXbA0dZL-3FiVprYdu1rho7lhZUWO4LK4VOnHFeIolgeMMado2XhqALV7wnxWzPdeP7f', 'https://play-lh.googleusercontent.com/AM16xHfh7X2SdxLPdha0ip0yOxwl8MRp0Vm_4VRHSXTxC4VdTmIpCsTDSBvYG1GrQg40']",https://www.youtube.com/embed/nq1PFw68s44?ps=play&vq=large&rel=0&autohide=1&showinfo=0,https://play-lh.googleusercontent.com/R5WWFudaPapKFIZqid658Z80vQmRVHzY9Te7e4PM8TokfUFpCx0rBWECxiPYxzxRAA,Rating 3+,,False,False,18 Jan 2022,23 Apr 2024,1713865964,1.42.0,[],id.aladinbank.mobile,https://play.google.com/store/apps/details?id=id.aladinbank.mobile&hl=id&gl=id
SeaBank,"Lebih Untung di SeaBank!
Buka rekening SeaBank praktis, hanya butuh 3 menit. Kamu langsung bisa menikmati:
1. Transaksi Digital Mudah dan Cepat dengan QRIS
Sukses bayar apa pun dan kapan pun hanya dengan sekali scan. 

2. Tanpa Biaya Admin
Bebas biaya admin & biaya transfer ke semua bank.

3. Bunga Tabungan Tinggi s.d. 6% p.a.
Makin untung dengan SeaBank, nikmati bunga Deposito s.d. 6% p.a. 

SeaBank adalah aplikasi untuk layanan perbankan digital yang membantu kamu dalam melakukan aktivitas finansial. Mulai dari menabung hingga bertransaksi, melalui handphone kapan pun dan di mana pun.

Nikmati kemudahan lainnya seperti:
1. Top up e-wallet apa pun tanpa biaya admin 100x
2. Transfer pakai No. HP dengan limit tinggi pakai BI-FAST
3. Bayar belanjaan di Shopee dengan Virtual Account (tanpa biaya admin) 
4. Pakai Bayar Instan agar checkout lebih simpel dan GRATIS ONGKIR

Aman menabung dan bertransaksi dengan SeaBank karena berizin dan diawasi oleh Otoritas Jasa Keuangan (OJK), serta merupakan bank peserta penjaminan Lembaga Penjamin Simpanan (LPS).

PT. Bank Seabank Indonesia 
Gama Tower lantai 35 
JI. H.R. Rasuna Said Kav. 22, Karet Kuningan
Jakarta Selatan, 12940

Hubungi tim Customer Service SeaBank (24/7):
1. Telepon: 1500 130
2. Email: cs@seabank.co.id

Cari tahu tentang SeaBank lebih lanjut di media sosial kami:
www.seabank.co.id
Instagram: @SeaBank.ID
Facebook: SeaBank Indonesia
TikTok: @SeaBank.ID
Linkedin: SeaBank Indonesia
Twitter: @SeaBankID","Lebih Untung di SeaBank!<br>Buka rekening SeaBank praktis, hanya butuh 3 menit. Kamu langsung bisa menikmati:<br>1. Transaksi Digital Mudah dan Cepat dengan QRIS<br>Sukses bayar apa pun dan kapan pun hanya dengan sekali scan. <br><br>2. Tanpa Biaya Admin<br>Bebas biaya admin &amp; biaya transfer ke semua bank.<br><br>3. Bunga Tabungan Tinggi s.d. 6% p.a.<br>Makin untung dengan SeaBank, nikmati bunga Deposito s.d. 6% p.a. <br><br>SeaBank adalah aplikasi untuk layanan perbankan digital yang membantu kamu dalam melakukan aktivitas finansial. Mulai dari menabung hingga bertransaksi, melalui handphone kapan pun dan di mana pun.<br><br>Nikmati kemudahan lainnya seperti:<br>1. Top up e-wallet apa pun tanpa biaya admin 100x<br>2. Transfer pakai No. HP dengan limit tinggi pakai BI-FAST<br>3. Bayar belanjaan di Shopee dengan Virtual Account (tanpa biaya admin) <br>4. Pakai Bayar Instan agar checkout lebih simpel dan GRATIS ONGKIR<br><br>Aman menabung dan bertransaksi dengan SeaBank karena berizin dan diawasi oleh Otoritas Jasa Keuangan (OJK), serta merupakan bank peserta penjaminan Lembaga Penjamin Simpanan (LPS).<br><br>PT. Bank Seabank Indonesia <br>Gama Tower lantai 35 <br>JI. H.R. Rasuna Said Kav. 22, Karet Kuningan<br>Jakarta Selatan, 12940<br><br>Hubungi tim Customer Service SeaBank (24/7):<br>1. Telepon: 1500 130<br>2. Email: cs@seabank.co.id<br><br>Cari tahu tentang SeaBank lebih lanjut di media sosial kami:<br>www.seabank.co.id<br>Instagram: @SeaBank.ID<br>Facebook: SeaBank Indonesia<br>TikTok: @SeaBank.ID<br>Linkedin: SeaBank Indonesia<br>Twitter: @SeaBankID",Aplikasi perbankan digital untuk lakukan aktivitas finansial lewat handphone!,10.000.000+,10000000,13997824,4.8586555,958905,137575,"[9711, 2991, 10671, 66370, 869158]",0,True,IDR,False,,,,False,,SeaBank Indonesia,SeaBank+Indonesia,cs@seabank.co.id,https://www.seabank.co.id/,,https://www.seabank.co.id/privacy-policy,Keuangan,FINANCE,"[{'name': 'Keuangan', 'id': 'FINANCE'}]",https://play-lh.googleusercontent.com/ZGLrjk0PKIj2L4DaWiKmhAf0f6cBXml6eHgjRpJhQ4XQpGvw4T5d4hjl_EQF5jY9Vked,https://play-lh.googleusercontent.com/VPlrV0gG72uic5sA8TrMoRT_QXXIvMgbOxl6mp7xR9hvTa6DnctKWqZrl8GBGN-Vgg,"['https://play-lh.googleusercontent.com/yKwgWs2C74ZrdDOUHok9lh5_oB2iLmmoxnnlWQ14BBw6IJNpzE52brfkoyegUaBkhg', 'https://play-lh.googleusercontent.com/fOWRoFaTBjtM7aX6fNz1dusy0fcindkiS5_YoaHY9OrESFrqI1sr0dxuysoN9TcAluI', 'https://play-lh.googleusercontent.com/2sZDmYYW-GtrSWPECr45gNUlSg41Fy3lHcq8xVTirMKfa4fxdAU2gdNky-i0bMQiHCGW', 'https://play-lh.googleusercontent.com/vF-7WxL1KY60L3fcfpXX7Nhc_hqTmPBqsDrI8i7P2BQm83nBluqQhpmNG1x6sq8yvQ', 'https://play-lh.googleusercontent.com/OvB-KB-M6_GscJXjnFXoC06TApUIU1qLqpJvHmr3aDo8nE9srS1VuZcHMzyzfchUyg', 'https://play-lh.googleusercontent.com/inPEbN_riGDhNvDRnDaFcqmQrOKpGQQXwlJ6c8usp_msUyD-5NIlJo3ulWiOxItgDdU']",https://www.youtube.com/embed/CADfi98yx1M?ps=play&vq=large&rel=0&autohide=1&showinfo=0,https://play-lh.googleusercontent.com/VPlrV0gG72uic5sA8TrMoRT_QXXIvMgbOxl6mp7xR9hvTa6DnctKWqZrl8GBGN-Vgg,Rating 3+,,False,False,26 Feb 2021,7 Mei 2024,1715073690,2.70.2,[],id.co.bankbkemobile.digitalbank,https://play.google.com/store/apps/details?id=id.co.bankbkemobile.digitalbank&hl=id&gl=id
Jenius,"Lebih dari 4.000.000 pengguna telah mulai mewujudkan kehidupan finansial yang lebih baik bersama Jenius.

Semua kebutuhan finansialmu, dari transaksi, tabungan, kredit, investasi, hingga report keuangan, kini bisa kamu akses di 1 tempat tanpa harus pindah aplikasi. 

Siap mulai mempermudah kehidupan keuanganmu? 
Download aplikasi Jenius, registrasi dan aktivasi rekening yang bisa kamu lakukan di mana saja dengan cepat menggunakan fitur Pengenalan Wajah. 


Dengan m-Card (kartu debit utama Jenius) beserta 3 kartu debit tambahan, kamu bisa transaksi di berbagai merchant Visa di berbagai negara. Kamu juga akan mendapatkan e-Card juga bisa kamu pakai untuk bayar tagihan streaming film, musik, game, bayar/beli aplikasi dan lainnya. 

Rewards menarik juga menunggumu bersama Kartu Kredit Jenius. Apply, atur, dan tukar poin di aplikasi dengan mudah. Travel miles, point, dan saldo e-Wallet tersedia sebagai opsi penukaran poin. 

Bagi yang punya rencana untuk traveling, kamu bisa tukar 9 mata uang asing (USD, SGD, JPY, GBP, AUD, HKD, EUR, THB, CNY) langsung di aplikasi Jenius dan dihubungkan ke m-Card untuk bertransaksi. 

  
Untuk transaksi online, kamu bisa gunakan: 
- Jenius Pay: Belanja online hanya pakai $Cashtag. 
- Jenius QR: Bayar tinggal scan QRIS. 
- Send It: Transfer ke berbagai rekening serta bayar tagihan (internet, kartu kredit, beli pulsa, listrik, zakat, dan lainnya).

Transaksi pakai Jenius jadi lebih hemat karena ada banyak promo setiap harinya. 

Nabung sesuai kebutuhan juga lebih simpel dengan fitur: 
- Flexi Saver: 3 tabungan fleksibel untuk alokasikan kebutuhan. 
- Flexi Rasa Maxi: Kunci tabungan untuk dapatkan cashback, emas, dan gadget di awal.
- Dream Saver: 5 tabungan untuk membantu wujudkan mimpi. 
- Maxi Saver: Buka deposito sebanyak yang kamu mau dari smartphone. 
  

Fitur lainnya yang bisa kamu gunakan adalah: 
- e-Wallet Center: Praktis top up hingga 10 e-Wallet (GoPay, OVO, LinkAja, DANA, BNI TapCash, mandiri e-money, ShopeePay, dan M-Tix). 
- Pay Me: Tagih uang langsung dari smartphone. 
- Split Bill: Bagi patungan dengan mudah. 
- Flexi Cash: Cairkan dana fleksibel untuk beragam kebutuhan. 
- Investasi: Diversifikasi keuangan dengan reksa dana. 
- Jenius Paylater: Pilihan sumber keuangan untuk jajan di tanggal tua. 
- Moneytory: Insights laporan keuangan. 


Dengan membayar Feesible (subscription fee) hanya sebesar Rp10.000 per bulan, kamu bisa menikmati kemudahan mengatur keuangan bersama Jenius. 

Sebagai bagian dari PT Bank BTPN Tbk berizin dan diawasi oleh Otoritas Jasa Keuangan (OJK), dan merupakan peserta penjaminan LPS, Jenius dijamin aman. 
  
Temukan info selengkapnya di www.jenius.com dan mari mulai hidupmu yang baru bersama Jenius. 
  

Simpler Life, Happier You 
  

Head Office 
PT Bank BTPN Tbk 
Menara BTPN ‚Äì CBD Mega Kuningan 
Jl. Dr. Ide Anak Agung Gde Agung Kav 5.5-5.6 
Jakarta 12950 
Website: https://www.btpn.com/id/tentang-kami/segmen-usaha/jenius","Lebih dari 4.000.000 pengguna telah mulai mewujudkan kehidupan finansial yang lebih baik bersama Jenius.<br><br>Semua kebutuhan finansialmu, dari transaksi, tabungan, kredit, investasi, hingga report keuangan, kini bisa kamu akses di 1 tempat tanpa harus pindah aplikasi. <br><br>Siap mulai mempermudah kehidupan keuanganmu? <br>Download aplikasi Jenius, registrasi dan aktivasi rekening yang bisa kamu lakukan di mana saja dengan cepat menggunakan fitur Pengenalan Wajah. <br><br><br>Dengan m-Card (kartu debit utama Jenius) beserta 3 kartu debit tambahan, kamu bisa transaksi di berbagai merchant Visa di berbagai negara. Kamu juga akan mendapatkan e-Card juga bisa kamu pakai untuk bayar tagihan streaming film, musik, game, bayar/beli aplikasi dan lainnya. <br><br>Rewards menarik juga menunggumu bersama Kartu Kredit Jenius. Apply, atur, dan tukar poin di aplikasi dengan mudah. Travel miles, point, dan saldo e-Wallet tersedia sebagai opsi penukaran poin. <br><br>Bagi yang punya rencana untuk traveling, kamu bisa tukar 9 mata uang asing (USD, SGD, JPY, GBP, AUD, HKD, EUR, THB, CNY) langsung di aplikasi Jenius dan dihubungkan ke m-Card untuk bertransaksi. <br><br>  <br>Untuk transaksi online, kamu bisa gunakan: <br>- Jenius Pay: Belanja online hanya pakai $Cashtag. <br>- Jenius QR: Bayar tinggal scan QRIS. <br>- Send It: Transfer ke berbagai rekening serta bayar tagihan (internet, kartu kredit, beli pulsa, listrik, zakat, dan lainnya).<br><br>Transaksi pakai Jenius jadi lebih hemat karena ada banyak promo setiap harinya. <br><br>Nabung sesuai kebutuhan juga lebih simpel dengan fitur: <br>- Flexi Saver: 3 tabungan fleksibel untuk alokasikan kebutuhan. <br>- Flexi Rasa Maxi: Kunci tabungan untuk dapatkan cashback, emas, dan gadget di awal.<br>- Dream Saver: 5 tabungan untuk membantu wujudkan mimpi. <br>- Maxi Saver: Buka deposito sebanyak yang kamu mau dari smartphone. <br>  <br><br>Fitur lainnya yang bisa kamu gunakan adalah: <br>- e-Wallet Center: Praktis top up hingga 10 e-Wallet (GoPay, OVO, LinkAja, DANA, BNI TapCash, mandiri e-money, ShopeePay, dan M-Tix). <br>- Pay Me: Tagih uang langsung dari smartphone. <br>- Split Bill: Bagi patungan dengan mudah. <br>- Flexi Cash: Cairkan dana fleksibel untuk beragam kebutuhan. <br>- Investasi: Diversifikasi keuangan dengan reksa dana. <br>- Jenius Paylater: Pilihan sumber keuangan untuk jajan di tanggal tua. <br>- Moneytory: Insights laporan keuangan. <br><br><br>Dengan membayar Feesible (subscription fee) hanya sebesar Rp10.000 per bulan, kamu bisa menikmati kemudahan mengatur keuangan bersama Jenius. <br><br>Sebagai bagian dari PT Bank BTPN Tbk berizin dan diawasi oleh Otoritas Jasa Keuangan (OJK), dan merupakan peserta penjaminan LPS, Jenius dijamin aman. <br>  <br>Temukan info selengkapnya di www.jenius.com dan mari mulai hidupmu yang baru bersama Jenius. <br>  <br><br>Simpler Life, Happier You <br>  <br><br>Head Office <br>PT Bank BTPN Tbk <br>Menara BTPN ‚Äì CBD Mega Kuningan <br>Jl. Dr. Ide Anak Agung Gde Agung Kav 5.5-5.6 <br>Jakarta 12950 <br>Website: https://www.btpn.com/id/tentang-kami/segmen-usaha/jenius",Cara mudah atur kehidupan/keuangan dengan aplikasi dan kartu debit Visa,10.000.000+,10000000,11620499,3.5363617,199524,127600,"[60290, 8561, 8480, 8219, 113970]",0,True,IDR,False,,,,False,,BTPN,BTPN,jenius-help@btpn.com,http://www.jenius.com,"Menara BTPN
CBD (Central Business District) Mega Kuningan
Jl. Dr. Ide Anak Agung Gde Agung Kav 5.5 - 5.6
Jakarta
12950
INDONESIA
",https://www.jenius.com/privacy-policy/,Keuangan,FINANCE,"[{'name': 'Keuangan', 'id': 'FINANCE'}]",https://play-lh.googleusercontent.com/bmW78ooeOboSNnpZKGxfJgXFUfacJ5Ye7Af8MHKKoKpVMNsDXnxyExShw30nGwS55QjY,https://play-lh.googleusercontent.com/sF9_1Y9tsLypeAv6T7K1XXPMEp-zM9xWR0feCaJ5Ycp6Ksr2kqtoEFt7fdmHydVSjt0,"['https://play-lh.googleusercontent.com/k2oy7v9z5bMNv8VIqwR5yjbq3cjdwvbLykf6tVvjjNU73mA33DTUIk4Fgv671qCtz_R8', 'https://play-lh.googleusercontent.com/nfFPsNFCDgEnveeHD1JpPpF7T4TF1zPXbk4TIlZOO39QgMFS0P4P_H7MnrVFGN9JzEI', 'https://play-lh.googleusercontent.com/V0eDafK9S8TSxZVlPpBx-_GOKfgLMDp4lpSjDAzlLmGtEQqdGIioRkSCShg87Eg-PyI', 'https://play-lh.googleusercontent.com/IVq1foRtSjUCbNOYc1SkeiIB0R5kdPZRfwzxhPPMymhR4zQReJSSDr_Ig9EKpnw1tdE', 'https://play-lh.googleusercontent.com/Cdsf4hMkhbdBlf48lrsoQckXwc328_tn1uDAzS3ePsGisXK6ho78pxKAphUOb0rif_E', 'https://play-lh.googleusercontent.com/JMIVYT_BdyLD4HqktLCFkguUVjgpARp4I5lXJH43H0aPGOAeNZO3AEVYN75KOLO8bVM', 'https://play-lh.googleusercontent.com/W2hb4syN5DomzJCT9R0NcX1-sRTYu1RtB2JYF-kD9uus1szeVrZtIsVVm8Ln26qaA1cj', 'https://play-lh.googleusercontent.com/unPG-WQ2YrBkri13hYVhvQZ9fowPhHS90yizytQkkN3cCSX-8VAQwhTrwQ_02TMJahg']",https://www.youtube.com/embed/nwdWiI57B7Y?ps=play&vq=large&rel=0&autohide=1&showinfo=0,https://play-lh.googleusercontent.com/sF9_1Y9tsLypeAv6T7K1XXPMEp-zM9xWR0feCaJ5Ycp6Ksr2kqtoEFt7fdmHydVSjt0,Rating 3+,,False,False,10 Agu 2016,7 Mei 2024,1715080390,3.60.0,[],com.btpn.dc,https://play.google.com/store/apps/details?id=com.btpn.dc&hl=id&gl=id
blu by BCA Digital,"Mulai Langkahmu bareng blu!
Untuk hidup lebih mudah dan terkoneksi, apa pun tujuanmu.
blu menjawab kebutuhan finansial kamu dengan cara baru agar kamu bisa wujudkan apa pun yang kamu tuju. Gak terbatas ruang dan waktu, aplikasi blu ada untukmu 24/7‚ù§Ô∏è
 
Kenapa harus punya blu? Aku dengerin kamu. Denger-denger sih, kamu perlu bank digital dengan layanan yang:
 
Kasih Kemudahan
Aku tau banget, kalau kamu maunya yang praktis-praktis mulai dari buka rekening, nabung sampe transaksi ini-itu. Makanya di blu kamu bisa ngelakuin semuanya dari genggaman. 
 
Terkoneksi
Katanya sih, kamu paling suka dikasih kepastian. Makanya, aku siap nyediain layanan seamless yang pasti terkoneksi buat kamu dengan:
‚Ä¢ Koneksi ke sistem BCA
‚Ä¢ Sistem aman dan dapat dipercaya
‚Ä¢ Customer care haloblu yang selalu ada buat kamu
 
Ada Untukmu, Apa Pun Tujuanmu
Pengen nabung buat sepatu baru? Gadget baru? Rumah? Mobil? Sekolah? Apa pun tujuanmu, I‚Äôve got your back! blu punya akses layanan perbankan digital yang mudah dengan pengalaman yang seru. Kamu bisa:
‚Ä¢ Punya 20 tabungan dalam 1 rekening
‚Ä¢ Patungan online bisa sampai 25 orang
‚Ä¢ Buka deposito mulai dari Rp 1 juta, pencairan sebelum jatuh tempo gak kena penalti
‚Ä¢ Bayar/beli dalam satu aplikasi
‚Ä¢ Bayar pakai QRIS
‚Ä¢ bluVirtual Card, kartu debit virtual yang bisa bikin kamu gampang belanja online dari dalam/luar negeri
‚Ä¢ Tarik dan Setor Tunai di ATM BCA
 
Eits, belum selesai. Aku tau banget nih, kalau kamu suka bete sama biaya ini-itu. Jadi...aku siap kasih kamu:
‚Ä¢ Bebas Biaya Admin Bulanan
‚Ä¢ Bebas Biaya Tarik Tunai di ATM BCA
‚Ä¢ Bebas Biaya Transfer dari/ke BCA (online)
‚Ä¢ bluRewards Bebas 20x Biaya Transfer ke Bank Lain (online/LLG)/ 5x Top Up GoPay/ 5x Top Up OVO*
*Bebas di 2 bulan pertama dari bulan pembukaan rekening. Setelah 2 bulan, bluRewards bisa digunakan jika rata-rata saldo portofolio gabungan (bluAccount, bluSaving, bluGether, bluDeposit) > Rp 1 juta
 
So...tunggu apa lagi? Download blu sekarang!
 
Ps:
blu janji bakal terus ngembangin produk dan update baru buat kamu. Stay tune guys!
 
Perlu bantuan? haloblu ada buatmu di 1500668 dan Twitter @haloblu","Mulai Langkahmu bareng blu!<br>Untuk hidup lebih mudah dan terkoneksi, apa pun tujuanmu.<br>blu menjawab kebutuhan finansial kamu dengan cara baru agar kamu bisa wujudkan apa pun yang kamu tuju. Gak terbatas ruang dan waktu, aplikasi blu ada untukmu 24/7‚ù§Ô∏è<br> <br>Kenapa harus punya blu? Aku dengerin kamu. Denger-denger sih, kamu perlu bank digital dengan layanan yang:<br> <br>Kasih Kemudahan<br>Aku tau banget, kalau kamu maunya yang praktis-praktis mulai dari buka rekening, nabung sampe transaksi ini-itu. Makanya di blu kamu bisa ngelakuin semuanya dari genggaman. <br> <br>Terkoneksi<br>Katanya sih, kamu paling suka dikasih kepastian. Makanya, aku siap nyediain layanan seamless yang pasti terkoneksi buat kamu dengan:<br>‚Ä¢ Koneksi ke sistem BCA<br>‚Ä¢ Sistem aman dan dapat dipercaya<br>‚Ä¢ Customer care haloblu yang selalu ada buat kamu<br> <br>Ada Untukmu, Apa Pun Tujuanmu<br>Pengen nabung buat sepatu baru? Gadget baru? Rumah? Mobil? Sekolah? Apa pun tujuanmu, I‚Äôve got your back! blu punya akses layanan perbankan digital yang mudah dengan pengalaman yang seru. Kamu bisa:<br>‚Ä¢ Punya 20 tabungan dalam 1 rekening<br>‚Ä¢ Patungan online bisa sampai 25 orang<br>‚Ä¢ Buka deposito mulai dari Rp 1 juta, pencairan sebelum jatuh tempo gak kena penalti<br>‚Ä¢ Bayar/beli dalam satu aplikasi<br>‚Ä¢ Bayar pakai QRIS<br>‚Ä¢ bluVirtual Card, kartu debit virtual yang bisa bikin kamu gampang belanja online dari dalam/luar negeri<br>‚Ä¢ Tarik dan Setor Tunai di ATM BCA<br> <br>Eits, belum selesai. Aku tau banget nih, kalau kamu suka bete sama biaya ini-itu. Jadi...aku siap kasih kamu:<br>‚Ä¢ Bebas Biaya Admin Bulanan<br>‚Ä¢ Bebas Biaya Tarik Tunai di ATM BCA<br>‚Ä¢ Bebas Biaya Transfer dari/ke BCA (online)<br>‚Ä¢ bluRewards Bebas 20x Biaya Transfer ke Bank Lain (online/LLG)/ 5x Top Up GoPay/ 5x Top Up OVO*<br>*Bebas di 2 bulan pertama dari bulan pembukaan rekening. Setelah 2 bulan, bluRewards bisa digunakan jika rata-rata saldo portofolio gabungan (bluAccount, bluSaving, bluGether, bluDeposit) &gt; Rp 1 juta<br> <br>So...tunggu apa lagi? Download blu sekarang!<br> <br>Ps:<br>blu janji bakal terus ngembangin produk dan update baru buat kamu. Stay tune guys!<br> <br>Perlu bantuan? haloblu ada buatmu di 1500668 dan Twitter @haloblu","Mulai Langkahmu Buka Rekening, Menabung, Buka Deposito, Transaksi Online & QRIS",1.000.000+,1000000,3065814,4.5407023,85721,24367,"[5769, 1741, 2497, 6071, 69639]",0,True,IDR,False,,,,False,,BCA Digital,BCA+Digital,haloblu@bcadigital.co.id,https://blubybcadigital.id,"The City Tower Lantai 11, Jl. M.H. Thamrin No.81, RT.1/RW.6, Dukuh Atas, Menteng, Kec. Menteng, Kota Jakarta Pusat, Daerah Khusus Ibukota Jakarta 10310",https://blubybcadigital.id/info/term,Keuangan,FINANCE,"[{'name': 'Keuangan', 'id': 'FINANCE'}]",https://play-lh.googleusercontent.com/Oo0s1F8txpxZWsrNuK_uEtfA2nRXmF_ZArfKnikup6Aq7kT-uyypu2feypA60RY8FBnD,https://play-lh.googleusercontent.com/w9zU4SFnrCwItJ8C34TY944hFC9DnL88u2HCPJLbx3rXD2-iD-tTA4ZeDCjQ7kbrGRY,"['https://play-lh.googleusercontent.com/EbZNon81HSSHiwugwIc-mru_yZsViu1LbzdwIwbOyeKwebn9CM0JUN_qNGYJwbAeF0g', 'https://play-lh.googleusercontent.com/Yqyoxl5eE7AoaPIYMSKF_S4N-hQ04c4heewSl18rkFG6Sus3EHOVNLGD-nA04UzDRKo', 'https://play-lh.googleusercontent.com/jtaBwWkoRprsNhQ919VgQF9gkJLJ_Ex8dLYMuNG5InX-8NOiEGWazvUC0CpSK-tIyw', 'https://play-lh.googleusercontent.com/80Vam8YnKq0brDY3FIDvquUFdgxPXiDFqvARglN8q0gdjlgVzJdevTOnoE4JJyIGwQ', 'https://play-lh.googleusercontent.com/FEwQpnXpJDIZfQj4MksZDLPSCeUW5DoCjJGshOk3TTyxpKHkVw4kA2xRhC1HpsEHxuY5', 'https://play-lh.googleusercontent.com/H4WPZx2oA_qd1gMjgPxFqi1CYloxACqfwkx2qeuTz6zVpf7UuUHzIwKZ-qrG_TRRMmKM', 'https://play-lh.googleusercontent.com/ZURsovIug2wcGSMnBhWTkKFQTlaFNFcdnHOMshpaiYnQDh-xX4owihF2A4J7XyEx_i9t', 'https://play-lh.googleusercontent.com/-PqyJZ2fAJYr83LrZS91SdC049aDNnK1cu5UcwyQ1742KiuGhopI_iJ5CFYolDk7']",,,Rating 3+,,False,False,17 Jun 2021,3 Mei 2024,1714721634,1.48.10,[],com.bcadigital.blu,https://play.google.com/store/apps/details?id=com.bcadigital.blu&hl=id&gl=id
